Platform,Type,DA,DoFollow,Title,Status,URL_Posted,Date_Posted,Notes
CNCzone.com,Forum,58,Yes,FANUC CRT Monitor Flickering/Dim? Complete LCD Replacement Guide (No Rewiring),PENDING,,,Copy-paste from generated .md file
Practical Machinist,Forum,58,Yes,Anyone replaced their old CNC CRT with LCD? My experience + cost breakdown,PENDING,,,Copy-paste from generated .md file
LinuxCNC Forum,Forum,58,Yes,Industrial CNC Display Retrofit — CRT to LCD with signal converters,PENDING,,,Copy-paste from generated .md file
Reddit r/CNC,Social,91-98,Varies,PSA: You can replace your old FANUC CRT with a plug-and-play LCD for under $200,PENDING,,,
Reddit r/CNC,Social,91-98,Varies,CNC CRT connector types reference — FANUC vs Mitsubishi vs Mazak vs Siemens,PENDING,,,
Reddit r/Machinists,Social,91-98,Varies,CRT repair guy quoted me $600 — I fixed it for $180 and 10 minutes,PENDING,,,
Reddit r/Manufacturing,Social,91-98,Varies,Extending legacy CNC life: When to upgrade the display vs replace the whole cont,PENDING,,,
LinkedIn,Social,91-98,Varies,,PENDING,,,
Dev.to,Web2.0 Blog,82-95,Varies,How to Upgrade a 25-Year-Old CNC Machine Display from CRT to LCD (Complete Guide,READY,,,Auto-post: Yes
Hashnode,Web2.0 Blog,82-95,Varies,Industrial CNC Display Retrofit: A Technical Deep-Dive into CRT to LCD Signal Co,READY,,,Auto-post: Yes
Medium,Web2.0 Blog,82-95,Varies,Why Your Factory's 25-Year-Old CNC Machine Is Still Worth Upgrading,READY,,,Auto-post: Yes
Blogger,Web2.0 Blog,82-95,Varies,FANUC CNC Display CRT to LCD Upgrade — The Complete Guide,READY,,,Auto-post: No
Quora,Q&A,82-94,Varies,How do I replace a FANUC CRT monitor with an LCD?,PENDING,,,
Quora,Q&A,82-94,Varies,Is it worth upgrading an old CNC machine CRT to LCD?,PENDING,,,
Quora,Q&A,82-94,Varies,What should I check before buying a CNC LCD replacement?,PENDING,,,
知乎,Q&A,82-94,Varies,老CNC数控机床的CRT显示器坏了怎么办？,PENDING,,,
知乎,Q&A,82-94,Varies,CNC数控系统CRT显示器越来越暗，修还是换？,PENDING,,,
Thomasnet,Directory,62-80,Yes,"Kongto Technology (Shenzhen) Co., Ltd.",PENDING,,,Submit company info from .md file
IndustryNet,Directory,62-80,Yes,Kongto Technology,PENDING,,,Submit company info from .md file
Kompass,Directory,62-80,Yes,"Shenzhen Jiangtu Technology Co., Ltd. (Kongto Technology)",PENDING,,,Submit company info from .md file
MacRAE's Blue Book,Directory,62-80,Yes,Kongto Technology,PENDING,,,Submit company info from .md file
掘金,Chinese Platform,55-82,Yes,老旧CNC数控机床CRT改LCD全攻略——花了12年踩坑总结的即插即用方案,PENDING,,,
CSDN博客,Chinese Platform,55-82,Yes,工业CNC数控系统CRT显示器转LCD升级——技术详解与安装指南,PENDING,,,
V2EX,Chinese Platform,55-82,Yes,老旧CNC数控机床CRT显示器改LCD — 完全即插即用,PENDING,,,
