﻿﻿﻿品牌,型号/关键词,URL,优先级,是否收录,当前排名,内容完整度(1-5),下次检查日期,备注
﻿品牌,型号/关键词,URL,优先级,是否收录,当前排名,内容完整度(1-5),下次检查日期,备注
FANUC,A61L-0001-0072,/products/fanuc-a61l-0001-0072-lcd-upgrade.html,,,,,,
FANUC,A61L-0001-0074,/products/fanuc-a61l-0001-0074-lcd-upgrade.html,,,,,,
FANUC,A61L-0001-0076,/products/fanuc-a61l-0001-0076-lcd-upgrade.html,,,,,,
FANUC,A61L-0001-0077,/products/fanuc-a61l-0001-0077-lcd-upgrade.html,,,,,,
FANUC,A61L-0001-0078,/products/fanuc-a61l-0001-0078-lcd-upgrade.html,,,,,,
FANUC,A61L-0001-0086,/products/fanuc-a61l-0001-0086-lcd-upgrade.html,,,,,,
FANUC,A61L-0001-0087,/products/fanuc-a61l-0001-0087-lcd-upgrade.html,,,,,,
FANUC,A61L-0001-0090,/products/fanuc-a61l-0001-0090-lcd-upgrade.html,,,,,,
FANUC,A61L-0001-0092,/products/fanuc-a61l-0001-0092-lcd-upgrade.html,,,,,,
FANUC,A61L-0001-0093,/products/fanuc-a61l-0001-0093-lcd-upgrade.html,,,,,,
FANUC,A61L-0001-0094,/products/fanuc-a61l-0001-0094-lcd-upgrade.html,,,,,,
FANUC,A61L-0001-0095,/products/fanuc-a61l-0001-0095-lcd-upgrade.html,,,,,,
FANUC,A61L-0001-0096,/products/fanuc-a61l-0001-0096-lcd-upgrade.html,,,,,,
FANUC,A61L-0001-0097,/products/fanuc-a61l-0001-0097-lcd-upgrade.html,,,,,,
FANUC,FANUC A61L-0001-0093 LCD replacement,,高,,,,,优先加厚11-30名页面
FANUC,FANUC A61L-0001-0094 LCD upgrade,,高,,,,,优先加厚11-30名页面
FANUC,FANUC CRT to LCD replacement,,中（品牌词）,,,,,优先加厚11-30名页面
FANUC,FANUC A61L-0001-0072 LCD upgrade,,中,,,,,优先加厚11-30名页面
FANUC,FANUC A61L-0001-0086 LCD,,中,,,,,优先加厚11-30名页面
Mitsubishi,MDT962B,/products/mitsubishi-mdt962b-lcd-upgrade.html,,,,,,
Mitsubishi,BM09DF,/products/mitsubishi-bm09df-lcd-upgrade.html,,,,,,
Mitsubishi,KF-M7099H,/products/mitsubishi-kf-m7099h-lcd-upgrade.html,,,,,,
Mitsubishi,Mitsubishi MDT962B LCD replacement,,高,,,,,
Mitsubishi,Mitsubishi CRT to LCD replacement,,中（品牌词）,,,,,
Siemens,6FC3988-7FA20,/products/siemens-6fc3988-7fa20-lcd-upgrade.html,,,,,,
Siemens,Siemens 810T / 820T LCD replacement,/products/siemens-810t-820t-lcd-upgrade.html,高,新页2026-08-09,,,,9寸单色CRT->8寸TFT(用户确认)
Siemens,6FC5103-0AB01,/products/siemens-6fc5103-lcd-upgrade.html,,,,,,
Siemens,6FC5203,/products/siemens-6fc5203-lcd-upgrade.html,,,,,,
Siemens,SM0901,/products/siemens-sm0901-lcd-upgrade.html,,,,,,
Siemens,SM1200,/products/siemens-sm1200-lcd-upgrade.html,,,,,,
Siemens,Siemens SINUMERIK CRT to LCD replacement,,高,,,,,SM1200+840C 1周后查收录
Siemens,Siemens 6FC3988-7FA20 LCD,,高,,,,,SM1200+840C 1周后查收录
Siemens,Siemens SM0901 display replacement,,中,,,,,SM1200+840C 1周后查收录
Siemens,Siemens SM1200 LCD upgrade,,中（新页）,,,,,SM1200+840C 1周后查收录
Siemens,Siemens 840C / 840D / 880 CRT to LCD,/products/siemens-840c-840d-880-lcd-upgrade.html,高,新页2026-08-09,,,,12寸单色CRT->10.4寸TFT(用户确认)
Mazak,CD1472-D1M,/products/mazak-cd1472-lcd-upgrade.html,,,,,,
Mazak,C5470NS,/products/mazak-c5470ns-lcd-upgrade.html,,,,,,
Mazak,DR5614,/products/mazak-dr5614-lcd-upgrade.html,,,,,,
Mazak,AIQA8DSP40,/products/mazak-aiqa8dsp40-lcd-upgrade.html,,,,,,
Mazak,Mazak CRT to LCD replacement,,中（品牌词）,,,,,
Mazak,Mazak CD1472 display upgrade,,中,,,,,
Mazak,Mazak DR5614 LCD replacement,,中,,,,,
Heidenhain,BC110,/products/heidenhain-bc110-lcd-upgrade.html,,,,,,
Heidenhain,BE211,/products/heidenhain-be211-lcd-upgrade.html,,,,,,
Heidenhain,BE411,/products/heidenhain-be411-lcd-upgrade.html,,,,,,
Okuma,OSP5020,/products/okuma-osp5020-crt-lcd-upgrade.html,,,,,,
Okuma,OSP7000,/products/okuma-osp7000-crt-lcd-upgrade.html,,,,,,
Haas,28HM-NM4,/products/haas-28hm-nm4-lcd-upgrade.html,,,,,,
Haas,"12"" 9-Pin",/products/haas-12inch-9pin-crt-lcd-upgrade.html,,,,,,
