date,platform,title,url,status
2026-06-14,Dev.to,CNC CRT to LCD Retrofit: The Complete Connector and Power Guide,https://dev.to/szkongto/cnc-crt-to-lcd-retrofit-the-complete-connector-and-power-guide-4ofb,published
2026-06-14,Dev.to,Repair vs Replace: The Real Cost of Keeping an Old CNC CRT Alive,https://dev.to/szkongto/repair-vs-replace-the-real-cost-of-keeping-an-old-cnc-crt-alive-deh,published
2026-06-14,Telegra.ph,Repair vs Replace: The Real Cost of Keeping an Old CNC CRT Alive,https://telegra.ph/Repair-vs-Replace-The-Real-Cost-of-Keeping-an-Old-CNC-CRT-Alive-06-14,published
2026-06-14,Rentry.co,Repair vs Replace: The Real Cost of Keeping an Old CNC CRT Alive,https://rentry.co/cnc-display-20260614,published
2026-06-14,Medium,CNC CRT to LCD Retrofit: The Complete Industrial Display Upgrade Guide,https://medium.com/new-story?source=login--------------------------------------------,published
2026-06-14,Medium,CNC CRT to LCD Retrofit: The Complete Industrial Display Upgrade Guide,https://medium.com/new-story,published
2026-06-14,Medium,CNC CRT to LCD Retrofit: The Complete Industrial Display Upgrade Guide,https://medium.com/new-story,published
2026-06-14,Medium,CNC CRT to LCD Retrofit: The Industrial Display Upgrade That Pays for Itself in 3 Months,manual,pending
2026-06-15,Telegra.ph,Repair vs Replace: The Real Cost of Keeping an Old CNC CRT Alive,https://telegra.ph/Repair-vs-Replace-The-Real-Cost-of-Keeping-an-Old-CNC-CRT-Alive-06-15,published
2026-06-15,Rentry.co,Repair vs Replace: The Real Cost of Keeping an Old CNC CRT Alive,https://rentry.co/cnc-display-20260615,published
2026-06-15,Telegra.ph,Okuma OSP CNC Display Upgrade: 14-Pin and 20-Pin LCD Replacement,https://telegra.ph/Okuma-OSP-CNC-Display-Upgrade-14-Pin-and-20-Pin-LCD-Replacement-06-15,published
2026-06-15,Rentry.co,Okuma OSP CNC Display Upgrade: 14-Pin and 20-Pin LCD Replacement,https://rentry.co/sw89cau9,published
2026-06-15,Dev.to,How to Identify Your CNC CRT Model Before Ordering a Replacement LCD,https://dev.to/szkongto/how-to-identify-your-cnc-crt-model-before-ordering-a-replacement-lcd-fp0,published
2026-06-15,Telegra.ph,Okuma OSP CNC Display Upgrade: 14-Pin and 20-Pin LCD Replacement,https://telegra.ph/Okuma-OSP-CNC-Display-Upgrade-14-Pin-and-20-Pin-LCD-Replacement-06-15-2,published
2026-06-15,Rentry.co,Okuma OSP CNC Display Upgrade: 14-Pin and 20-Pin LCD Replacement,https://rentry.co/qmkmr79b,published
2026-06-15,Dev.to,Mitsubishi CNC CRT to LCD Upgrade: MDT962B and BM09DF Replacement Guide,https://dev.to/szkongto/mitsubishi-cnc-crt-to-lcd-upgrade-mdt962b-and-bm09df-replacement-guide-2ch3,published
2026-06-15,Telegra.ph,Okuma OSP CNC Display Upgrade: 14-Pin and 20-Pin LCD Replacement,https://telegra.ph/Okuma-OSP-CNC-Display-Upgrade-14-Pin-and-20-Pin-LCD-Replacement-06-15-3,published
2026-06-15,Rentry.co,Okuma OSP CNC Display Upgrade: 14-Pin and 20-Pin LCD Replacement,https://rentry.co/v7hukn5s,published
2026-06-15,Dev.to,Siemens SINUMERIK CRT Replacement: The Critical AC110V Difference,https://dev.to/szkongto/siemens-sinumerik-crt-replacement-the-critical-ac110v-difference-2pll,published
2026-06-15,Telegra.ph,Okuma OSP CNC Display Upgrade: 14-Pin and 20-Pin LCD Replacement,https://telegra.ph/Okuma-OSP-CNC-Display-Upgrade-14-Pin-and-20-Pin-LCD-Replacement-06-15-4,published
2026-06-15,Rentry.co,Okuma OSP CNC Display Upgrade: 14-Pin and 20-Pin LCD Replacement,https://rentry.co/6gf3y2dd,published
2026-06-15,GitLab,Okuma OSP CNC Display Upgrade: 14-Pin and 20-Pin LCD Replacement,https://gitlab.com/-/snippets/6001847,published
2026-06-20,Rentry.co,Repair vs Replace: The Real Cost of Keeping an Old CNC CRT Alive,https://rentry.co/cnc-display-20260620,published
2026-06-20,GitLab,Repair vs Replace: The Real Cost of Keeping an Old CNC CRT Alive,https://gitlab.com/-/snippets/6003293,published
2026-06-21,Telegra.ph,How to Identify Your CNC CRT Model Before Ordering a Replacement LCD,https://telegra.ph/How-to-Identify-Your-CNC-CRT-Model-Before-Ordering-a-Replacement-LCD-06-21,published
2026-06-21,Rentry.co,How to Identify Your CNC CRT Model Before Ordering a Replacement LCD,https://rentry.co/cnc-display-20260621,published
2026-06-21,GitLab,How to Identify Your CNC CRT Model Before Ordering a Replacement LCD,https://gitlab.com/-/snippets/6003413,published
2026-06-26,Telegra.ph,FANUC A61L-0001-0093: The Most Common CNC CRT and Its Direct LCD Replacement,https://telegra.ph/FANUC-A61L-0001-0093-The-Most-Common-CNC-CRT-and-Its-Direct-LCD-Replacement-06-26,published
2026-06-26,Rentry.co,FANUC A61L-0001-0093: The Most Common CNC CRT and Its Direct LCD Replacement,https://rentry.co/cnc-display-20260626,published
2026-06-26,GitLab,FANUC A61L-0001-0093: The Most Common CNC CRT and Its Direct LCD Replacement,https://gitlab.com/-/snippets/6005115,published
2026-06-26,Dev.to,FANUC A61L-0001-0093: The Most Common CNC CRT and Its Direct LCD Replacement,https://dev.to/szkongto/fanuc-a61l-0001-0093-the-most-common-cnc-crt-and-its-direct-lcd-replacement-3lpl,published
2026-06-26,Telegra.ph,FANUC A61L-0001-0093: The Most Common CNC CRT and Its Direct LCD Replacement,https://telegra.ph/FANUC-A61L-0001-0093-The-Most-Common-CNC-CRT-and-Its-Direct-LCD-Replacement-06-26-2,published
2026-06-26,Rentry.co,FANUC A61L-0001-0093: The Most Common CNC CRT and Its Direct LCD Replacement,https://rentry.co/z8744ced,published
2026-06-26,GitLab,FANUC A61L-0001-0093: The Most Common CNC CRT and Its Direct LCD Replacement,https://gitlab.com/-/snippets/6005117,published
2026-06-26,Telegra.ph,Okuma OSP 5020: Diagnosing and Fixing flyback transformer whine,https://telegra.ph/Okuma-OSP-5020-Diagnosing-and-Fixing-flyback-transformer-whine-06-26,published
2026-06-26,Rentry.co,Okuma OSP 5020: Diagnosing and Fixing flyback transformer whine,https://rentry.co/gp6d576g,published
2026-06-26,GitLab,Okuma OSP 5020: Diagnosing and Fixing flyback transformer whine,https://gitlab.com/-/snippets/6005120,published
2026-06-26,Dev.to,Okuma OSP 5020: Diagnosing and Fixing flyback transformer whine,https://dev.to/szkongto/okuma-osp-5020-diagnosing-and-fixing-flyback-transformer-whine-3okk,published
2026-06-26,Telegra.ph,Okuma OSP 5020: Diagnosing and Fixing flyback transformer whine,https://telegra.ph/Okuma-OSP-5020-Diagnosing-and-Fixing-flyback-transformer-whine-06-26-2,published
2026-06-26,Rentry.co,Okuma OSP 5020: Diagnosing and Fixing flyback transformer whine,https://rentry.co/9bok8p8k,published
2026-06-26,GitLab,Okuma OSP 5020: Diagnosing and Fixing flyback transformer whine,https://gitlab.com/-/snippets/6005121,published
2026-06-27,Dev.to,Okuma OSP 5020 CRT flyback transformer whine: case study,https://dev.to/szkongto/okuma-osp-5020-crt-flyback-transformer-whine-case-study-f1l,published
2026-06-27,GitLab,Okuma OSP 5020 CRT flyback transformer whine: case study,https://gitlab.com/-/snippets/6005279,published
2026-06-28,Dev.to,How to Fix Haas 15-pin VGA distorted / shrinking image — Complete Guide,https://dev.to/szkongto/how-to-fix-haas-15-pin-vga-distorted-shrinking-image-complete-guide-1eia,published
2026-06-29,Dev.to,FANUC A61L-0001-0093 CRT dim display: case study,https://dev.to/szkongto/fanuc-a61l-0001-0093-crt-dim-display-case-study-287a,published
2026-07-01,Dev.to,Siemens SM0901 CRT no display / black screen: technical specs,https://dev.to/szkongto/siemens-sm0901-crt-no-display-black-screen-technical-specs-4c0,published
2026-07-02,Dev.to,How to Fix Mazak MDT1283B image retention / burn-in — Complete Guide,https://dev.to/szkongto/how-to-fix-mazak-mdt1283b-image-retention-burn-in-complete-guide-gf7,published
2026-07-03,Dev.to,Okuma OSP 5020 CRT flyback transformer whine: technical specs,https://dev.to/szkongto/okuma-osp-5020-crt-flyback-transformer-whine-technical-specs-4f81,published
2026-07-04,Dev.to,How to Fix Haas 15-pin VGA distorted / shrinking image — Complete Guide,https://dev.to/szkongto/how-to-fix-haas-15-pin-vga-distorted-shrinking-image-complete-guide-4bm2,published
2026-07-05,Dev.to,FANUC A61L-0001-0093 CRT dim display: technical specs,https://dev.to/szkongto/fanuc-a61l-0001-0093-crt-dim-display-technical-specs-3i12,published
2026-07-06,Dev.to,How to Fix Mitsubishi MDT1283B flickering screen — Complete Guide,https://dev.to/szkongto/how-to-fix-mitsubishi-mdt1283b-flickering-screen-complete-guide-269d,published
2026-07-07,Dev.to,Siemens SM0901 CRT no display / black screen: technical specs,https://dev.to/szkongto/siemens-sm0901-crt-no-display-black-screen-technical-specs-3l8n,published
2026-07-08,Dev.to,How to Fix Mazak C-5470NS image retention / burn-in — Complete Guide,https://dev.to/szkongto/how-to-fix-mazak-c-5470ns-image-retention-burn-in-complete-guide-1bl8,published
2026-07-09,Dev.to,Okuma OSP 5020 CRT flyback transformer whine: maintenance tips,https://dev.to/szkongto/okuma-osp-5020-crt-flyback-transformer-whine-maintenance-tips-1n35,published
2026-07-10,Dev.to,How to Fix Haas 15-pin VGA distorted / shrinking image — Complete Guide,https://dev.to/szkongto/how-to-fix-haas-15-pin-vga-distorted-shrinking-image-complete-guide-4n1k,published
2026-07-11,Dev.to,FANUC A61L-0001-0093 CRT dim display: maintenance tips,https://dev.to/szkongto/fanuc-a61l-0001-0093-crt-dim-display-maintenance-tips-d1,published
2026-07-12,Dev.to,How to Fix Mitsubishi BM09DF flickering screen — Complete Guide,https://dev.to/szkongto/how-to-fix-mitsubishi-bm09df-flickering-screen-complete-guide-37n9,published
2026-07-13,Dev.to,Siemens SM0901 CRT no display / black screen: maintenance tips,https://dev.to/szkongto/siemens-sm0901-crt-no-display-black-screen-maintenance-tips-jej,published
2026-07-14,Dev.to,How to Fix Mazak MDT1283B image retention / burn-in — Complete Guide,https://dev.to/szkongto/how-to-fix-mazak-mdt1283b-image-retention-burn-in-complete-guide-3191,published
2026-07-15,Dev.to,Okuma OSP 5020 CRT flyback transformer whine: compatibility check,https://dev.to/szkongto/okuma-osp-5020-crt-flyback-transformer-whine-compatibility-check-l6l,published
2026-07-16,Dev.to,How to Fix Haas 15-pin VGA distorted / shrinking image — Complete Guide,https://dev.to/szkongto/how-to-fix-haas-15-pin-vga-distorted-shrinking-image-complete-guide-1gol,published
2026-07-18,Dev.to,How to Fix Mitsubishi MDT1283B flickering screen — Complete Guide,https://dev.to/szkongto/how-to-fix-mitsubishi-mdt1283b-flickering-screen-complete-guide-28me,published
2026-07-19,Dev.to,Siemens SM0901 CRT no display / black screen: compatibility check,https://dev.to/szkongto/siemens-sm0901-crt-no-display-black-screen-compatibility-check-4i96,published
2026-07-21,Dev.to,Okuma OSP 5020 CRT flyback transformer whine: compatibility check,https://dev.to/szkongto/okuma-osp-5020-crt-flyback-transformer-whine-compatibility-check-3bki,published
2026-07-22,Dev.to,How to Fix Haas 15-pin VGA distorted / shrinking image — Complete Guide,https://dev.to/szkongto/how-to-fix-haas-15-pin-vga-distorted-shrinking-image-complete-guide-38ip,published
2026-07-23,Dev.to,FANUC A61L-0001-0093 CRT dim display: industry trend,https://dev.to/szkongto/fanuc-a61l-0001-0093-crt-dim-display-industry-trend-49pk,published
2026-07-26,Dev.to,How to Fix Mazak MDT1283B image retention / burn-in — Complete Guide,https://dev.to/szkongto/how-to-fix-mazak-mdt1283b-image-retention-burn-in-complete-guide-197,published
2026-07-28,Dev.to,How to Fix Haas 15-pin VGA distorted / shrinking image — Complete Guide,https://dev.to/szkongto/how-to-fix-haas-15-pin-vga-distorted-shrinking-image-complete-guide-f5b,published
2026-07-30,Dev.to,How to Fix Mitsubishi MDT1283B flickering screen — Complete Guide,https://dev.to/szkongto/how-to-fix-mitsubishi-mdt1283b-flickering-screen-complete-guide-3g7o,published
